code,system
14A8100,readv2
G801.11,readv2
G801.12,readv2
G801.13,readv2
G801D00,readv2
G82z111,readv2
Z9K4.00,readv2
14A9.00,readv2
2482,readv2
7A68300,readv2
7A69300,readv2
7A69311,readv2
7A69500,readv2
G85..00,readv2
G85z.00,readv2
14AE.00,readv2
2456,readv2
790N200,readv2
790N300,readv2
791B500,readv2
7927100,readv2
7A11000,readv2
7A11100,readv2
7A11200,readv2
7A11300,readv2
7A13.11,readv2
7A13000,readv2
7A13300,readv2
7A14.11,readv2
7A14000,readv2
7A14100,readv2
7A19400,readv2
7A1B100,readv2
7A1B200,readv2
7A1B500,readv2
7A1B600,readv2
7A1B700,readv2
7A1B900,readv2
7A1BA00,readv2
7A1BC00,readv2
7A1BD00,readv2
7A1C100,readv2
7A1C200,readv2
7A1C500,readv2
7A21400,readv2
7A23.00,readv2
7A23.11,readv2
7A23.12,readv2
7A23000,readv2
7A23100,readv2
7A23200,readv2
7A23300,readv2
7A23400,readv2
7A23500,readv2
7A23600,readv2
7A23700,readv2
7A23800,readv2
7A23y00,readv2
7A23z00,readv2
7A27C00,readv2
7A27D00,readv2
7A27E00,readv2
7A27F00,readv2
7A31300,readv2
7A34D00,readv2
7A34E00,readv2
7A34F00,readv2
7A40000,readv2
7A40A00,readv2
7A43200,readv2
7A45000,readv2
7A45200,readv2
7A45700,readv2
7A45D00,readv2
7A46000,readv2
7A46100,readv2
7A46300,readv2
7A46C00,readv2
7A46D00,readv2
7A4A400,readv2
7A4A500,readv2
7A53400,readv2
7A58.00,readv2
7A58000,readv2
7A58100,readv2
7A58300,readv2
7A58y00,readv2
7A58z00,readv2
7A59.00,readv2
7A59200,readv2
7A59z00,readv2
7A5A.00,readv2
7A5A200,readv2
7A5Az00,readv2
7A5B.00,readv2
7A5B000,readv2
7A5By00,readv2
7A5Bz00,readv2
7A6G800,readv2
7A6T000,readv2
A930.00,readv2
A94y600,readv2
G421.00,readv2
G71..00,readv2
G710.00,readv2
G711.11,readv2
G712.00,readv2
G713000,readv2
G714000,readv2
G714300,readv2
G715.00,readv2
G716.00,readv2
G717.00,readv2
G71z.00,readv2
G72..00,readv2
G720.00,readv2
G720000,readv2
G720z00,readv2
G721.00,readv2
G722.00,readv2
G722000,readv2
G722100,readv2
G722200,readv2
G722z00,readv2
G723.00,readv2
G723000,readv2
G723100,readv2
G723200,readv2
G723300,readv2
G723400,readv2
G723500,readv2
G723600,readv2
G723z00,readv2
G724.00,readv2
G724.11,readv2
G72C.00,readv2
G72D.00,readv2
G72D100,readv2
G72D200,readv2
G72y.00,readv2
G72y000,readv2
G72y100,readv2
G72y200,readv2
G72y300,readv2
G72y400,readv2
G72y600,readv2
G72y700,readv2
G72y800,readv2
G72y900,readv2
G72yA00,readv2
G72yB00,readv2
G72yz00,readv2
G72z.00,readv2
Gyu7100,readv2
Gyu7200,readv2
Gyu7300,readv2
Gyu7800,readv2
P72z000,readv2
P72z100,readv2
P736.00,readv2
P737.00,readv2
P766.00,readv2
P767.00,readv2
P767.11,readv2
P7yz000,readv2
14AG.00,readv2
2I17.00,readv2
F05..00,readv2
G80..00,readv2
G800.00,readv2
G800.11,readv2
G800.12,readv2
G800000,readv2
G800100,readv2
G800200,readv2
G800300,readv2
G800400,readv2
G800500,readv2
G800z00,readv2
G801.00,readv2
G801000,readv2
G801100,readv2
G801200,readv2
G801400,readv2
G801500,readv2
G801600,readv2
G801700,readv2
G801800,readv2
G801900,readv2
G801A00,readv2
G801B00,readv2
G801z00,readv2
G802.00,readv2
G80y.00,readv2
G80y.11,readv2
G80y000,readv2
G80y200,readv2
G80y300,readv2
G80y400,readv2
G80y500,readv2
G80y600,readv2
G80y700,readv2
G80y800,readv2
G80y900,readv2
G80yz00,readv2
G80z.00,readv2
G80z000,readv2
G80z100,readv2
G80zz00,readv2
G821.00,readv2
G836.00,readv2
Gyu8000,readv2
Gyu8100,readv2
J621.11,readv2
L412.00,readv2
L412000,readv2
L412211,readv2
L412400,readv2
L412500,readv2
L412511,readv2
L412600,readv2
L412611,readv2
L412z00,readv2
L415.00,readv2
L415000,readv2
L415100,readv2
L415300,readv2
L415600,readv2
L41z511,readv2
SP12000,readv2
SP12100,readv2
14NB.00,readv2
G73..11,readv2
G73..12,readv2
G73z.00,readv2
G73zz00,readv2
G820.00,readv2
16I..00,readv2
G73z000,readv2
G73z011,readv2
G73z012,readv2
2BB4.00,readv2
2I16.00,readv2
A3A0.00,readv2
A3A0500,readv2
A3A0B00,readv2
A3A0E00,readv2
A3A0F00,readv2
G731100,readv2
G732.00,readv2
G732000,readv2
G732100,readv2
G732200,readv2
G732300,readv2
G732400,readv2
J021000,readv2
J420.13,readv2
K284600,readv2
R054.00,readv2
R054z00,readv2
7808300,readv2
792D.00,readv2
792Dy00,readv2
792Dz00,readv2
7A10100,readv2
7A10400,readv2
7A12000,readv2
7A12100,readv2
7A46.11,readv2
7A48.11,readv2
7A11.00,readv2
7A11y00,readv2
7A11z00,readv2
7A12.00,readv2
7A12y00,readv2
7A12z00,readv2
7A11211,readv2
7A11311,readv2
7A13100,readv2
7A13400,readv2
7A13411,readv2
7A14400,readv2
7A14411,readv2
7A1B000,readv2
7A1B800,readv2
7A1C000,readv2
7A34K00,readv2
G713.00,readv2
G713.11,readv2
G714.00,readv2
G714.11,readv2
G714100,readv2
G714200,readv2
G715000,readv2
G716000,readv2
G718.00,readv2
G740.00,readv2
Jyu3000,readv2
Jyu3200,readv2
7A13.00,readv2
7A13y00,readv2
7A13z00,readv2
7A15.00,readv2
7A15z00,readv2
7A45.00,readv2
7A45.12,readv2
7A45.14,readv2
7A45y00,readv2
7A47.00,readv2
7A47.12,readv2
7A47.13,readv2
7A47.14,readv2
7A47.16,readv2
7A47y00,readv2
7A47z00,readv2
7A14.00,readv2
7A14y00,readv2
7A14z00,readv2
7A16.00,readv2
7A16z00,readv2
7A15y00,readv2
7A16y00,readv2
7A69y00,readv2
G73y.00,readv2
G73yz00,readv2
G743.00,readv2
G74y.00,readv2
G85y.00,readv2
Gyu7400,readv2
Gyu8200,readv2
Gyu8600,readv2
L410000,readv2
7A17100,readv2
7A19200,readv2
7A43111,readv2
7A1A100,readv2
7A1B.00,readv2
7A1Bz00,readv2
7A1C.00,readv2
7A1Cy00,readv2
7A1Cz00,readv2
7A22000,readv2
7A28C00,readv2
7A32000,readv2
7A35300,readv2
7A44.11,readv2
7A44000,readv2
7A4B000,readv2
7A4B100,readv2
7A54000,readv2
7A6H400,readv2
7A6M.00,readv2
7A6My00,readv2
7A6Mz00,readv2
7A6S000,readv2
7A28000,readv2
7A28100,readv2
7A28200,readv2
7A35000,readv2
G74y800,readv2
7A35100,readv2
7A41000,readv2
7A41200,readv2
7A41300,readv2
7A41900,readv2
7A42011,readv2
7A42111,readv2
7A47C00,readv2
7A48000,readv2
7A48200,readv2
7A48400,readv2
7A48600,readv2
7A48C00,readv2
7A35200,readv2
SP32000,readv2
SP32200,readv2
7A40.00,readv2
7A40.11,readv2
7A40y00,readv2
7A40z00,readv2
7A41.00,readv2
7A41.11,readv2
7A41100,readv2
7A41D00,readv2
7A41y00,readv2
7A41z00,readv2
7A42.11,readv2
7A43.11,readv2
7A43011,readv2
7A44211,readv2
7A45.15,readv2
7A46.15,readv2
7A47.15,readv2
7A48.16,readv2
7A46.00,readv2
7A46.14,readv2
7A46y00,readv2
7A46z00,readv2
7A48.00,readv2
7A48.15,readv2
7A48y00,readv2
7A48z00,readv2
7A48.12,readv2
7A48.14,readv2
7A48800,readv2
7A48A00,readv2
G801F00,readv2
7A66111,readv2
7A66112,readv2
7A67.00,readv2
7A67y00,readv2
7A67z00,readv2
7A67200,readv2
G401100,readv2
G801G00,readv2
7A67300,readv2
7A67311,readv2
7A68.00,readv2
7A68y00,readv2
7A68z00,readv2
7A68000,readv2
7A68400,readv2
7A68200,readv2
7A69.00,readv2
7A69z00,readv2
7A69200,readv2
7A69211,readv2
7A69400,readv2
7A69600,readv2
7A6M100,readv2
7A69700,readv2
7A6M300,readv2
7A6L.00,readv2
7A6Ly00,readv2
7A6Lz00,readv2
A3A0000,readv2
A3A0100,readv2
A3A0200,readv2
G401.00,readv2
G700.00,readv2
G701.00,readv2
G70y000,readv2
G741.00,readv2
G742000,readv2
G742400,readv2
G742500,readv2
G74y000,readv2
G74y300,readv2
G74y500,readv2
G74y700,readv2
G822.00,readv2
G823.00,readv2
G83..00,readv2
G833.00,readv2
G83z.00,readv2
Gyu7000,readv2
L410.00,readv2
L410600,readv2
G701011,readv2
G711.00,readv2
G720100,readv2
G742100,readv2
G720200,readv2
G742200,readv2
G72y500,readv2
G74y600,readv2
G73..00,readv2
G730.00,readv2
G730000,readv2
G730100,readv2
G730z00,readv2
G731.00,readv2
G731z00,readv2
G731000,readv2
G734.00,readv2
G74..00,readv2
G742z00,readv2
G74z.00,readv2
G76A.00,readv2
G742.00,readv2
G742300,readv2
G742900,readv2
G74yz00,readv2
G82y.00,readv2
G82z.00,readv2
G82zz00,readv2
G742600,readv2
G742700,readv2
G742800,readv2
SP12200,readv2
G74y900,readv2
G820.11,readv2
G801C00,readv2
G801E00,readv2
G81..00,readv2
G82..00,readv2
G824.00,readv2
G830.00,readv2
G831.00,readv2
G832.00,readv2
G834.00,readv2
G834000,readv2
G834100,readv2
J062000,readv2
J300.00,readv2
J300z00,readv2
J300000,readv2
J300300,readv2
J310000,readv2
J310.00,readv2
J310z00,readv2
J320100,readv2
J320z00,readv2
J330100,readv2
J330200,readv2
J340.00,readv2
J344.00,readv2
J3C0.00,readv2
J330.00,readv2
J330z00,readv2
J3y0.00,readv2
J3z0.00,readv2
ZV12800,readv2
ZV12811,readv2
ZV12900,readv2
L096400,readv2
L410500,readv2
L410z00,readv2
L411z00,readv2
L41..11,readv2
L411.11,readv2
L411.12,readv2
L43..00,readv2
L432.00,readv2
L43z.00,readv2
L43z000,readv2
L43zz00,readv2
L410400,readv2
SP12.00,readv2
SP12z00,readv2
L412212,readv2
L41z611,readv2
L413.00,readv2
L413000,readv2
L413200,readv2
L413z00,readv2
L413100,readv2
L43z100,readv2
L414.00,readv2
L414000,readv2
L414200,readv2
L414z00,readv2
L43z400,readv2
L430.00,readv2
L431.00,readv2
L431100,readv2
P76..00,readv2
P76y.00,readv2
P76yz00,readv2
P76z.00,readv2
Pyu2B00,readv2
R054000,readv2
R054200,readv2
R054300,readv2